{
  "intrinsics": {
    "cd_matrix": {
      "CD1_1": 0.00247980763309,
      "CD1_2": -0.0198359470851,
      "CD2_1": 0.0197560563967,
      "CD2_2": 0.00254454029158
    },
    "pixel_scale_arcsec": 71.83722526702283,
    "scale_x_arcsec": 71.67989735481993,
    "scale_y_arcsec": 71.99455317922573,
    "rotation_deg": 82.84557176243698,
    "sip": {
      "a_order": 2,
      "b_order": 2,
      "ap_order": 2,
      "bp_order": 2,
      "a_coeffs": {
        "0_2": 1.73511739026e-05,
        "1_1": -6.16988535672e-06,
        "2_0": 2.57133139154e-05
      },
      "b_coeffs": {
        "0_2": 3.01605829417e-05,
        "1_1": 2.76894595917e-05,
        "2_0": -1.64756754909e-06
      },
      "ap_coeffs": {
        "0_0": -0.00991562458836,
        "0_1": 7.45328061417e-05,
        "0_2": -1.71099738369e-05,
        "1_0": -9.19604721263e-05,
        "1_1": 5.70086070713e-06,
        "2_0": -2.4808123709e-05
      },
      "bp_coeffs": {
        "0_0": -0.00596630460326,
        "0_1": 0.000102055117064,
        "0_2": -2.99890747581e-05,
        "1_0": 8.27354132807e-05,
        "1_1": -2.72937320857e-05,
        "2_0": 1.49578184834e-06
      },
      "crpix": [
        100.150993347,
        292.488810221
      ]
    }
  },
  "extrinsics": {
    "ra_center_deg": 100.593422824,
    "dec_center_deg": 14.1734472004,
    "crpix": [
      100.150993347,
      292.488810221
    ]
  }
}